port_id,time,avg_dwell,vessel_count,weather_score,anomaly_score,graph_risk,A_norm,G_norm,E_norm,baseline_risk,total_system_risk,risk_delta,final_status
PORT_C,2024-01-05 04:00:00,0.04235408368748375,17491,0.0,0.5053434228976591,0.901647026083794,0.5603076373255725,0.513292254938185,0.0,0.28015381866278627,0.4341414951442417,0.15398767648145545,STABLE
PORT_C,2024-01-02 06:00:00,0.04333384301732929,16896,0.0,0.5653672805919069,0.901647026083794,0.5732689999017074,0.513292254938185,0.0,0.2866344999508537,0.44062217643230916,0.15398767648145545,STABLE
PORT_C,2024-01-02 12:00:00,0.04986200716845878,17676,0.0,0.965307943646234,0.901647026083794,0.6596309256744942,0.513292254938185,0.0,0.3298154628372471,0.48380313931870256,0.15398767648145545,CRITICAL
PORT_C,2024-01-04 13:00:00,0.054836686322118196,15376,0.0,1.2700760887384266,0.901647026083794,0.7254415979961194,0.513292254938185,0.0,0.3627207989980597,0.5167084754795152,0.15398767648145545,CRITICAL
PORT_B,2024-01-02 12:00:00,0.03337210841141287,27311,0.0,-0.044927229660584954,1.4241868254861156,0.441483927607607,0.9999990685746537,0.0,0.2207419638038035,0.5207416843761996,0.2999997205723961,CRITICAL
PORT_B,2024-01-01 05:00:00,0.023399839877740487,25885,0.0,-0.6558670891956244,1.4241868254861156,0.3095595006242104,0.9999990685746537,0.0,0.1547797503121052,0.4547794708845013,0.2999997205723961,STABLE
PORT_C,2024-01-02 08:00:00,0.04442243541509911,17720,0.0,0.6320586742641441,0.901647026083794,0.5876701291742842,0.513292254938185,0.0,0.2938350645871421,0.44782274106859754,0.15398767648145545,STABLE
PORT_C,2024-01-02 11:00:00,0.04381669393397508,17523,0.0,0.5949486010503234,0.901647026083794,0.5796566969720195,0.513292254938185,0.0,0.28982834848600975,0.4438160249674652,0.15398767648145545,STABLE
PORT_C,2024-01-04 21:00:00,0.049757126723506725,17911,0.0,0.9588825606864165,0.901647026083794,0.6582434487372913,0.513292254938185,0.0,0.3291217243686457,0.4831094008501011,0.15398767648145545,ELEVATED
PORT_C,2024-01-05 15:00:00,0.0562597225111528,19230,0.0,1.3572568065968051,0.901647026083794,0.7442671273309067,0.513292254938185,0.0,0.37213356366545336,0.5261212401469089,0.1539876764814555,CRITICAL
PORT_B,2024-01-01 17:00:00,0.024280372578116532,26514,0.0,-0.6019222397897648,1.4241868254861156,0.32120818131757656,0.9999990685746537,0.0,0.16060409065878828,0.4606038112311844,0.2999997205723961,ELEVATED
PORT_C,2024-01-01 19:00:00,0.04235977621149557,18740,0.0,0.5056921690037671,0.901647026083794,0.560382944460134,0.513292254938185,0.0,0.280191472230067,0.4341791487115225,0.1539876764814555,STABLE
PORT_B,2024-01-02 17:00:00,0.027291588507472066,28436,0.0,-0.41744346941787747,1.4241868254861156,0.36104394533276934,0.9999990685746537,0.0,0.18052197266638467,0.4805216932387808,0.2999997205723961,ELEVATED
PORT_B,2024-01-02 01:00:00,0.027549484945617972,24338,0.0,-0.4016437330626608,1.4241868254861156,0.3644556905849731,0.9999990685746537,0.0,0.18222784529248656,0.4822275658648827,0.2999997205723961,ELEVATED
PORT_C,2024-01-01 11:00:00,0.04402771165595493,16806,0.0,0.6078763653790182,0.901647026083794,0.5824482776401027,0.513292254938185,0.0,0.2912241388200513,0.4452118153015068,0.15398767648145545,STABLE
PORT_C,2024-01-05 20:00:00,0.048571173778051785,19470,0.0,0.8862264821356932,0.901647026083794,0.64255432421862,0.513292254938185,0.0,0.32127716210931,0.4752648385907655,0.1539876764814555,ELEVATED
PORT_B,2024-01-02 11:00:00,0.031860253739822056,26423,0.0,-0.1375493123472151,1.4241868254861156,0.4214834071083522,0.9999990685746537,0.0,0.2107417035541761,0.5107414241265722,0.2999997205723961,CRITICAL
PORT_B,2024-01-03 06:00:00,0.030051577526732584,23546,0.0,-0.2483558342372073,1.4241868254861156,0.3975561961427988,0.9999990685746537,0.0,0.1987780980713994,0.4987778186437955,0.2999997205723961,CRITICAL
PORT_B,2024-01-05 00:00:00,0.03456567483993489,25981,0.0,0.028195280400668897,1.4241868254861156,0.4572737718760106,0.9999990685746537,0.0,0.2286368859380053,0.5286366065104013,0.29999972057239604,CRITICAL
PORT_B,2024-01-01 12:00:00,0.031000130023640715,23505,0.0,-0.1902438282010787,1.4241868254861156,0.4101047194999203,0.9999990685746537,0.0,0.20505235974996014,0.5050520803223563,0.2999997205723961,CRITICAL
PORT_B,2024-01-05 07:00:00,0.02610812837504379,23189,0.0,-0.4899468285712828,1.4241868254861156,0.34538779855923274,0.9999990685746537,0.0,0.17269389927961637,0.47269361985201247,0.2999997205723961,ELEVATED
PORT_C,2024-01-03 11:00:00,0.05167863495307301,17617,0.0,1.0766016096573472,0.901647026083794,0.6836633290056039,0.513292254938185,0.0,0.34183166450280195,0.4958193409842574,0.15398767648145545,CRITICAL
PORT_B,2024-01-03 10:00:00,0.04255782895078062,25708,0.0,0.5178256481926571,1.4241868254861156,0.5630030096994973,0.9999990685746537,0.0,0.2815015048497487,0.5815012254221448,0.2999997205723961,CRITICAL
PORT_B,2024-01-03 05:00:00,0.027398298572747212,24437,0.0,-0.41090599681873513,1.4241868254861156,0.36245562655327096,0.9999990685746537,0.0,0.18122781327663548,0.4812275338490316,0.2999997205723961,ELEVATED
PORT_B,2024-01-04 14:00:00,0.032763860729881536,25652,0.0,-0.08219084243460022,1.4241868254861156,0.433437340556822,0.9999990685746537,0.0,0.216718670278411,0.5167183908508071,0.2999997205723961,CRITICAL
PORT_B,2024-01-02 13:00:00,0.03921254347834675,28159,0.0,0.31288048153049125,1.4241868254861156,0.5187477965996353,0.9999990685746537,0.0,0.25937389829981766,0.5593736188722138,0.29999972057239616,CRITICAL
PORT_B,2024-01-03 01:00:00,0.02770719217071151,25865,0.0,-0.39198197660063094,1.4241868254861156,0.3665420198120045,0.9999990685746537,0.0,0.18327100990600226,0.48327073047839836,0.2999997205723961,ELEVATED
PORT_C,2024-01-05 01:00:00,0.06349241264395387,18074,0.0,1.8003594646202665,0.901647026083794,0.8399493182081783,0.513292254938185,0.0,0.41997465910408915,0.5739623355855447,0.1539876764814555,CRITICAL
PORT_C,2024-01-05 17:00:00,0.05654942637920614,19658,0.0,1.3750051895106463,0.901647026083794,0.7480996571769253,0.513292254938185,0.0,0.37404982858846264,0.5280375050699181,0.15398767648145545,CRITICAL
PORT_C,2024-01-05 18:00:00,0.05144052588238641,19572,0.0,1.0620141242012449,0.901647026083794,0.6805133533903454,0.513292254938185,0.0,0.3402566766951727,0.4942443531766282,0.1539876764814555,CRITICAL
PORT_C,2024-01-01 05:00:00,0.042853507516567406,17239,0.0,0.5359400642695353,0.901647026083794,0.5669145795926449,0.513292254938185,0.0,0.28345728979632245,0.43744496627777796,0.1539876764814555,STABLE
PORT_C,2024-01-01 23:00:00,0.03835393592637307,19058,0.0,0.2602788517782135,0.901647026083794,0.5073891665231114,0.513292254938185,0.0,0.2536945832615557,0.4076822597430112,0.1539876764814555,STABLE
PORT_C,2024-01-04 04:00:00,0.043007753820253826,17162,0.0,0.5453897912589144,0.901647026083794,0.5689551238438779,0.513292254938185,0.0,0.28447756192193896,0.43846523840339446,0.1539876764814555,STABLE
PORT_C,2024-01-05 06:00:00,0.04877114181670536,17515,0.0,0.8984772999946385,0.901647026083794,0.645199727200428,0.513292254938185,0.0,0.322599863600214,0.4765875400816695,0.1539876764814555,ELEVATED
PORT_C,2024-01-04 07:00:00,0.05881644202522896,12860,0.0,1.5138913632702369,0.901647026083794,0.7780902996324608,0.513292254938185,0.0,0.3890451498162304,0.5430328262976859,0.1539876764814555,CRITICAL
PORT_B,2024-01-03 15:00:00,0.032801588685459716,28681,0.0,-0.07987948150366975,1.4241868254861156,0.43393644854855923,0.9999990685746537,0.0,0.21696822427427961,0.5169679448466757,0.2999997205723961,CRITICAL
PORT_B,2024-01-04 10:00:00,0.048204331690180804,19611,0.0,0.8637523126045902,1.4241868254861156,0.6377013229108072,0.9999990685746537,0.0,0.3188506614554036,0.6188503820277997,0.29999972057239616,CRITICAL
PORT_B,2024-01-04 13:00:00,0.045663759895017614,23624,0.0,0.7081070278396707,1.4241868254861156,0.6040917708660172,0.9999990685746537,0.0,0.3020458854330086,0.6020456060054047,0.2999997205723961,CRITICAL
PORT_C,2024-01-02 15:00:00,0.051429828196028274,18507,0.0,1.0613587424313977,0.901647026083794,0.6803718323173737,0.513292254938185,0.0,0.3401859161586869,0.4941735926401424,0.1539876764814555,CRITICAL
PORT_C,2024-01-03 18:00:00,0.04673440935170787,18656,0.0,0.7736991673285911,0.901647026083794,0.6182555306561812,0.513292254938185,0.0,0.3091277653280906,0.4631154418095461,0.1539876764814555,ELEVATED
PORT_B,2024-01-04 12:00:00,0.04874998472013404,27272,0.0,0.8971811341760179,1.4241868254861156,0.6449198372403472,0.9999990685746537,0.0,0.3224599186201736,0.6224596391925696,0.29999972057239604,CRITICAL
PORT_C,2024-01-02 13:00:00,0.04709438751961598,18059,0.0,0.7957528264929891,0.901647026083794,0.6230177282812709,0.513292254938185,0.0,0.31150886414063544,0.4654965406220909,0.15398767648145545,ELEVATED
PORT_B,2024-01-02 08:00:00,0.029283826359323435,24195,0.0,-0.29539124937780586,1.4241868254861156,0.3873995168993261,0.9999990685746537,0.0,0.19369975844966306,0.49369947902205913,0.2999997205723961,CRITICAL
PORT_B,2024-01-03 17:00:00,0.026273021952322954,28987,0.0,-0.47984480829364945,1.4241868254861156,0.3475691969664601,0.9999990685746537,0.0,0.17378459848323005,0.4737843190556261,0.2999997205723961,ELEVATED
PORT_C,2024-01-05 00:00:00,0.05877861896425433,17901,0.0,1.5115741758137415,0.901647026083794,0.777589933479164,0.513292254938185,0.0,0.388794966739582,0.5427826432210375,0.1539876764814555,CRITICAL
PORT_C,2024-01-01 22:00:00,0.042967486273437695,19521,0.0,0.5429228451159581,0.901647026083794,0.5684224192720136,0.513292254938185,0.0,0.2842112096360068,0.43819888611746227,0.15398767648145545,STABLE
PORT_C,2024-01-03 17:00:00,0.049155696341396535,18236,0.0,0.9220366021238474,0.901647026083794,0.6502870486200681,0.513292254938185,0.0,0.32514352431003407,0.4791312007914895,0.15398767648145545,ELEVATED
PORT_B,2024-01-01 13:00:00,0.02935688558134324,23801,0.0,-0.2909153579908255,1.4241868254861156,0.38836602677300947,0.9999990685746537,0.0,0.19418301338650473,0.49418273395890083,0.2999997205723961,CRITICAL
PORT_C,2024-01-04 12:00:00,0.061219746053023626,17907,0.0,1.6611270920518164,0.901647026083794,0.8098839186734176,0.513292254938185,0.0,0.4049419593367088,0.5589296358181642,0.15398767648145545,CRITICAL
PORT_B,2024-01-02 23:00:00,0.028163216924988625,27186,0.0,-0.3640441309257147,1.4241868254861156,0.3725748301194199,0.9999990685746537,0.0,0.18628741505970994,0.486287135632106,0.2999997205723961,CRITICAL
PORT_B,2024-01-03 12:00:00,0.045725104821803045,28627,0.0,0.7118652560529334,1.4241868254861156,0.6049033108167496,0.9999990685746537,0.0,0.3024516554083748,0.6024513759807709,0.2999997205723961,CRITICAL
PORT_C,2024-01-03 00:00:00,0.046540778012846194,17494,0.0,0.7618365602832342,0.901647026083794,0.6156939566934365,0.513292254938185,0.0,0.30784697834671826,0.46183465482817376,0.1539876764814555,ELEVATED
PORT_B,2024-01-04 06:00:00,0.03498505231689096,19401,0.0,0.05388797168736729,1.4241868254861156,0.4628217706237738,0.9999990685746537,0.0,0.2314108853118869,0.531410605884283,0.2999997205723961,CRITICAL
PORT_B,2024-01-04 21:00:00,0.02721120048736115,27724,0.0,-0.42236835140927503,1.4241868254861156,0.35998048184362913,0.9999990685746537,0.0,0.17999024092181456,0.4799899614942107,0.2999997205723961,ELEVATED
PORT_C,2024-01-02 18:00:00,0.04558962249562373,17978,0.0,0.7035650831237765,0.901647026083794,0.6031109976447535,0.513292254938185,0.0,0.30155549882237676,0.45554317530383226,0.1539876764814555,STABLE
PORT_B,2024-01-04 00:00:00,0.02441090969101485,26258,0.0,-0.5939250298120226,1.4241868254861156,0.32293507362508206,0.9999990685746537,0.0,0.16146753681254103,0.4614672573849371,0.2999997205723961,ELEVATED
PORT_B,2024-01-05 08:00:00,0.027580063561911804,23634,0.0,-0.3997703683934034,1.4241868254861156,0.36486021904496063,0.9999990685746537,0.0,0.18243010952248032,0.4824298300948764,0.2999997205723961,ELEVATED
PORT_C,2024-01-03 14:00:00,0.042792299118989525,18844,0.0,0.5321902003652161,0.901647026083794,0.5661048458044131,0.513292254938185,0.0,0.28305242290220656,0.43704009938366206,0.1539876764814555,STABLE
PORT_B,2024-01-01 18:00:00,0.02530543758531782,26377,0.0,-0.5391227805293938,1.4241868254861156,0.3347688985444683,0.9999990685746537,0.0,0.16738444927223414,0.46738416984463027,0.2999997205723961,ELEVATED
PORT_C,2024-01-03 22:00:00,0.04472569444444445,18165,0.0,0.6506374989483551,0.901647026083794,0.5916819819978255,0.513292254938185,0.0,0.29584099099891276,0.4498286674803682,0.15398767648145545,STABLE
PORT_B,2024-01-05 12:00:00,0.053771776344599814,27911,0.0,1.2048355720108899,1.4241868254861156,0.711353766516387,0.9999990685746537,0.0,0.3556768832581935,0.6556766038305897,0.29999972057239616,CRITICAL
PORT_C,2024-01-03 19:00:00,0.04608669285309297,19013,0.0,0.7340175416938483,0.901647026083794,0.6096868055322104,0.513292254938185,0.0,0.3048434027661052,0.4588310792475607,0.1539876764814555,ELEVATED
PORT_B,2024-01-04 08:00:00,0.02661606286866632,23528,0.0,-0.45882879087114153,1.4241868254861156,0.35210732950547546,0.9999990685746537,0.0,0.17605366475273773,0.47605338532513386,0.2999997205723961,ELEVATED
PORT_B,2024-01-04 19:00:00,0.03472818045858438,27787,0.0,0.03815100506814481,1.4241868254861156,0.45942357967044845,0.9999990685746537,0.0,0.22971178983522422,0.5297115104076203,0.2999997205723961,CRITICAL
PORT_C,2024-01-04 09:00:00,0.04708003387339027,17385,0.0,0.7948734664377178,0.901647026083794,0.6228278420435451,0.513292254938185,0.0,0.31141392102177257,0.46540159750322807,0.1539876764814555,ELEVATED
PORT_C,2024-01-01 08:00:00,0.043367257229134454,17449,0.0,0.567414364843378,0.901647026083794,0.5737110408205429,0.513292254938185,0.0,0.28685552041027146,0.4408431968917269,0.15398767648145545,STABLE
PORT_B,2024-01-05 17:00:00,0.026515519881412018,27285,0.0,-0.4649884443444676,1.4241868254861156,0.35077723335574434,0.9999990685746537,0.0,0.17538861667787217,0.4753883372502683,0.2999997205723961,ELEVATED
PORT_B,2024-01-03 09:00:00,0.033716754120235184,24648,0.0,-0.023812896424742866,1.4241868254861156,0.44604329015336547,0.9999990685746537,0.0,0.22302164507668273,0.5230213656490789,0.2999997205723961,CRITICAL
PORT_B,2024-01-01 14:00:00,0.02760753133454813,24163,0.0,-0.3980875860756676,1.4241868254861156,0.36522359375286406,0.9999990685746537,0.0,0.18261179687643203,0.48261151744882813,0.2999997205723961,ELEVATED
PORT_B,2024-01-03 03:00:00,0.030462775733229114,24730,0.0,-0.2231642367917726,1.4241868254861156,0.4029959902664212,0.9999990685746537,0.0,0.2014979951332106,0.5014977157056066,0.29999972057239604,CRITICAL
PORT_B,2024-01-05 18:00:00,0.026498264788361828,27025,0.0,-0.4660455582888777,1.4241868254861156,0.3505489635036535,0.9999990685746537,0.0,0.17527448175182675,0.47527420232422285,0.2999997205723961,ELEVATED
PORT_C,2024-01-03 16:00:00,0.044670477850089506,18751,0.0,0.647254716155723,0.901647026083794,0.59095151454745,0.513292254938185,0.0,0.295475757273725,0.4494634337551805,0.1539876764814555,STABLE
PORT_B,2024-01-01 19:00:00,0.02393872555162883,26603,0.0,-0.622852862111875,1.4241868254861156,0.31668848872729155,0.9999990685746537,0.0,0.15834424436364578,0.4583439649360419,0.2999997205723961,ELEVATED
PORT_C,2024-01-02 17:00:00,0.0454287992109308,18369,0.0,0.6937124247613887,0.901647026083794,0.6009834456632698,0.513292254938185,0.0,0.3004917228316349,0.45447939931309034,0.15398767648145545,STABLE
PORT_C,2024-01-05 08:00:00,0.04914810046275568,17864,0.0,0.9215712491287672,0.901647026083794,0.6501865617615619,0.513292254938185,0.0,0.32509328088078093,0.47908095736223644,0.1539876764814555,ELEVATED
PORT_B,2024-01-02 14:00:00,0.030141772023237135,28429,0.0,-0.24283016945599312,1.4241868254861156,0.39874939077331256,0.9999990685746537,0.0,0.19937469538665628,0.4993744159590524,0.2999997205723961,CRITICAL
PORT_B,2024-01-04 03:00:00,0.027374631472268346,24120,0.0,-0.41235593521473174,1.4241868254861156,0.3621425314276744,0.9999990685746537,0.0,0.1810712657138372,0.4810709862862333,0.2999997205723961,ELEVATED
PORT_B,2024-01-02 00:00:00,0.024903617591919898,24778,0.0,-0.5637398322559874,1.4241868254861156,0.32945317001183805,0.9999990685746537,0.0,0.16472658500591902,0.4647263055783151,0.2999997205723961,ELEVATED
PORT_B,2024-01-03 18:00:00,0.025042835114462987,29051,0.0,-0.5552108267062372,1.4241868254861156,0.33129489657841915,0.9999990685746537,0.0,0.16564744828920958,0.4656471688616057,0.2999997205723961,ELEVATED
PORT_C,2024-01-01 17:00:00,0.03905604005167962,18587,0.0,0.30329247443041,0.901647026083794,0.5166773925772924,0.513292254938185,0.0,0.2583386962886462,0.41232637277010165,0.15398767648145545,STABLE
PORT_C,2024-01-04 11:00:00,0.04988284547578381,16979,0.0,0.966584579198828,0.901647026083794,0.6599065983305078,0.513292254938185,0.0,0.3299532991652539,0.48394097564670935,0.15398767648145545,CRITICAL
PORT_C,2024-01-02 07:00:00,0.042423575633494706,17421,0.0,0.5096007691164652,0.901647026083794,0.5612269552447101,0.513292254938185,0.0,0.28061347762235506,0.4346011541038105,0.15398767648145545,STABLE
PORT_B,2024-01-01 07:00:00,0.027172714645368575,23040,0.0,-0.42472614340230436,1.4241868254861156,0.35947134767473865,0.9999990685746537,0.0,0.17973567383736933,0.4797353944097654,0.2999997205723961,ELEVATED
PORT_C,2024-01-01 18:00:00,0.04258489019993442,18659,0.0,0.5194835253046746,0.901647026083794,0.5633610064558037,0.513292254938185,0.0,0.28168050322790184,0.43566817970935734,0.1539876764814555,STABLE
PORT_B,2024-01-01 08:00:00,0.027248461165364175,22223,0.0,-0.4200856177154837,1.4241868254861156,0.36047340816003987,0.9999990685746537,0.0,0.18023670408001993,0.480236424652416,0.2999997205723961,ELEVATED
PORT_C,2024-01-03 21:00:00,0.04980017668270689,18432,0.0,0.9615199682068751,0.901647026083794,0.6588129622015512,0.513292254938185,0.0,0.3294064811007756,0.48339415758223103,0.15398767648145545,CRITICAL
PORT_C,2024-01-02 22:00:00,0.04633904639718595,18456,0.0,0.7494776988547546,0.901647026083794,0.6130252231238832,0.513292254938185,0.0,0.3065126115619416,0.46050028804339704,0.15398767648145545,ELEVATED
PORT_B,2024-01-03 04:00:00,0.028874396944363095,23888,0.0,-0.32047448379139704,1.4241868254861156,0.381983122347133,0.9999990685746537,0.0,0.1909915611735665,0.4909912817459626,0.2999997205723961,CRITICAL
PORT_B,2024-01-05 11:00:00,0.04302083984513387,26661,0.0,0.5461914919125913,1.4241868254861156,0.5691282405552823,0.9999990685746537,0.0,0.28456412027764116,0.5845638408500373,0.29999972057239616,CRITICAL
PORT_B,2024-01-05 16:00:00,0.02829445327170307,27693,0.0,-0.35600408317159665,1.4241868254861156,0.3743109726812891,0.9999990685746537,0.0,0.18715548634064455,0.48715520691304065,0.2999997205723961,CRITICAL
PORT_B,2024-01-01 03:00:00,0.022792443323883898,26582,0.0,-0.6930785585861862,1.4241868254861156,0.30152417325124087,0.9999990685746537,0.0,0.15076208662562043,0.4507618071980165,0.2999997205723961,STABLE
PORT_B,2024-01-05 03:00:00,0.027920529848922706,23191,0.0,-0.3789120827525275,1.4241868254861156,0.3693642914803764,0.9999990685746537,0.0,0.1846821457401882,0.4846818663125843,0.2999997205723961,CRITICAL
PORT_C,2024-01-01 20:00:00,0.041244134608496304,18626,0.0,0.4373436360770452,0.901647026083794,0.54562397776188,0.513292254938185,0.0,0.27281198888094,0.42679966536239544,0.15398767648145545,STABLE
PORT_C,2024-01-03 04:00:00,0.04612969801925114,15976,0.0,0.7366522050187715,0.901647026083794,0.6102557264235388,0.513292254938185,0.0,0.3051278632117694,0.45911553969322483,0.15398767648145545,ELEVATED
PORT_B,2024-01-03 20:00:00,0.02668940812211985,27777,0.0,-0.4543353760888221,1.4241868254861156,0.3530776233258973,0.9999990685746537,0.0,0.17653881166294866,0.47653853223534476,0.2999997205723961,ELEVATED
PORT_B,2024-01-04 17:00:00,0.028726461281270595,27917,0.0,-0.3295375964547572,1.4241868254861156,0.380026062374471,0.9999990685746537,0.0,0.1900130311872355,0.4900127517596316,0.2999997205723961,CRITICAL
PORT_C,2024-01-04 02:00:00,0.04840233084014613,17247,0.0,0.8758825087038447,0.901647026083794,0.6403206792101462,0.513292254938185,0.0,0.3201603396050731,0.47414801608652857,0.15398767648145545,ELEVATED
PORT_C,2024-01-01 07:00:00,0.04388102527336965,17213,0.0,0.5988897884863326,0.901647026083794,0.580507744560444,0.513292254938185,0.0,0.290253872280222,0.44424154876167743,0.15398767648145545,STABLE
PORT_B,2024-01-03 19:00:00,0.026946559848467243,28632,0.0,-0.4385812636676222,1.4241868254861156,0.35647951668964106,0.9999990685746537,0.0,0.17823975834482053,0.47823947891721663,0.2999997205723961,ELEVATED
PORT_C,2024-01-05 10:00:00,0.04730163916829262,17597,0.0,0.8084498665599884,0.901647026083794,0.6257594870797538,0.513292254938185,0.0,0.3128797435398769,0.4668674200213324,0.1539876764814555,ELEVATED
PORT_B,2024-01-01 10:00:00,0.0321310965329843,22413,0.0,-0.12095643205604588,1.4241868254861156,0.42506642136131406,0.9999990685746537,0.0,0.21253321068065703,0.5125329312530531,0.2999997205723961,CRITICAL
PORT_B,2024-01-04 01:00:00,0.023448627326397225,25183,0.0,-0.6528781808114612,1.4241868254861156,0.3102049160767014,0.9999990685746537,0.0,0.1551024580383507,0.4551021786107468,0.2999997205723961,STABLE
PORT_C,2024-01-04 16:00:00,0.04477619229810497,19172,0.0,0.6537311933788659,0.901647026083794,0.5923500246187758,0.513292254938185,0.0,0.2961750123093879,0.4501626887908434,0.1539876764814555,STABLE
PORT_B,2024-01-03 11:00:00,0.03784516598695275,27633,0.0,0.22910963142724142,1.4241868254861156,0.5006585833566264,0.9999990685746537,0.0,0.2503292916783132,0.5503290122507093,0.2999997205723961,CRITICAL
PORT_B,2024-01-03 23:00:00,0.025054935218491965,26688,0.0,-0.5544695273889494,1.4241868254861156,0.33145497041568817,0.9999990685746537,0.0,0.16572748520784408,0.4657272057802402,0.2999997205723961,ELEVATED
PORT_B,2024-01-01 16:00:00,0.02553907038478831,26215,0.0,-0.5248095288144686,1.4241868254861156,0.33785965699031223,0.9999990685746537,0.0,0.16892982849515611,0.46892954906755224,0.2999997205723961,ELEVATED
PORT_C,2024-01-01 00:00:00,0.03664578970746879,18234,0.0,0.1556311873557251,0.901647026083794,0.4847918798203017,0.513292254938185,0.0,0.24239593991015085,0.39638361639160635,0.1539876764814555,STABLE
PORT_C,2024-01-04 10:00:00,0.055681015634830765,14128,0.0,1.321802978158639,0.901647026083794,0.7366113394033809,0.513292254938185,0.0,0.36830566970169043,0.5222933461831459,0.1539876764814555,CRITICAL
PORT_C,2024-01-04 00:00:00,0.04555339222570846,17850,0.0,0.7013454762270894,0.901647026083794,0.6026317027298715,0.513292254938185,0.0,0.30131585136493577,0.4553035278463913,0.1539876764814555,STABLE
PORT_B,2024-01-02 19:00:00,0.02645555791970563,28205,0.0,-0.4686619467515329,1.4241868254861156,0.349983988828463,0.9999990685746537,0.0,0.1749919944142315,0.4749917149866276,0.2999997205723961,ELEVATED
PORT_C,2024-01-03 15:00:00,0.04929393115942031,18401,0.0,0.9305054033821701,0.901647026083794,0.6521157748617816,0.513292254938185,0.0,0.3260578874308908,0.4800455639123463,0.1539876764814555,ELEVATED
PORT_C,2024-01-04 08:00:00,0.04950085343837191,16925,0.0,0.9431822649819659,0.901647026083794,0.6548531763856791,0.513292254938185,0.0,0.32742658819283954,0.48141426467429504,0.1539876764814555,ELEVATED
PORT_C,2024-01-04 17:00:00,0.04747360099627548,19366,0.0,0.8189849152982467,0.901647026083794,0.628034392287436,0.513292254938185,0.0,0.314017196143718,0.46800487262517343,0.15398767648145545,ELEVATED
PORT_C,2024-01-01 09:00:00,0.04345052007103412,17082,0.0,0.5725153695709292,0.901647026083794,0.5748125356980156,0.513292254938185,0.0,0.2874062678490078,0.4413939443304633,0.1539876764814555,STABLE
PORT_C,2024-01-03 03:00:00,0.04738368680805657,16662,0.0,0.8134764232901155,0.901647026083794,0.6268449058913963,0.513292254938185,0.0,0.31342245294569815,0.46741012942715365,0.1539876764814555,ELEVATED
PORT_B,2024-01-01 04:00:00,0.02356781231572747,26387,0.0,-0.6455764459660509,1.4241868254861156,0.3117816296769542,0.9999990685746537,0.0,0.1558908148384771,0.4558905354108732,0.2999997205723961,ELEVATED
PORT_C,2024-01-03 07:00:00,0.044247250380971326,16770,0.0,0.6213261594124551,0.901647026083794,0.5853525837566756,0.513292254938185,0.0,0.2926762918783378,0.4466639683597933,0.15398767648145545,STABLE
PORT_B,2024-01-02 05:00:00,0.026826658814291384,24058,0.0,-0.44592686619829625,1.4241868254861156,0.3548933304397465,0.9999990685746537,0.0,0.17744666521987326,0.4774463857922694,0.2999997205723961,ELEVATED
PORT_C,2024-01-01 14:00:00,0.042010944577282716,17150,0.0,0.48432138973847,0.901647026083794,0.5557682057673458,0.513292254938185,0.0,0.2778841028836729,0.4318717793651283,0.15398767648145545,STABLE
PORT_B,2024-01-02 20:00:00,0.029133166604915446,26993,0.0,-0.3046212504437423,1.4241868254861156,0.3854064195712086,0.9999990685746537,0.0,0.1927032097856043,0.4927029303580004,0.2999997205723961,CRITICAL
PORT_C,2024-01-05 05:00:00,0.04526637675024213,17323,0.0,0.6837617946732187,0.901647026083794,0.598834737976224,0.513292254938185,0.0,0.299417368988112,0.4534050454695675,0.1539876764814555,STABLE
PORT_C,2024-01-01 01:00:00,0.03986494263838017,17480,0.0,0.35284898517093793,0.901647026083794,0.5273784692556356,0.513292254938185,0.0,0.2636892346278178,0.4176769111092733,0.1539876764814555,STABLE
PORT_B,2024-01-05 10:00:00,0.046733467877564834,24776,0.0,0.773641488969975,1.4241868254861156,0.6182430757732807,0.9999990685746537,0.0,0.3091215378866404,0.6091212584590364,0.29999972057239604,CRITICAL
PORT_C,2024-01-05 13:00:00,0.06359099238542569,18742,0.0,1.8063988420402017,0.901647026083794,0.8412534423261689,0.513292254938185,0.0,0.42062672116308447,0.5746143976445399,0.15398767648145545,CRITICAL
PORT_B,2024-01-05 02:00:00,0.028402921507483234,24158,0.0,-0.34935889822618654,1.4241868254861156,0.3757459129662283,0.9999990685746537,0.0,0.18787295648311414,0.48787267705551024,0.2999997205723961,CRITICAL
PORT_C,2024-01-01 16:00:00,0.04412900688849098,17877,0.0,0.6140821043167715,0.901647026083794,0.5837883253397154,0.513292254938185,0.0,0.2918941626698577,0.4458818391513132,0.1539876764814555,STABLE
PORT_B,2024-01-01 11:00:00,0.02951037533963312,23111,0.0,-0.28151197990758886,1.4241868254861156,0.39039656258758754,0.9999990685746537,0.0,0.19519828129379377,0.4951980018661899,0.2999997205723961,CRITICAL
PORT_C,2024-01-02 20:00:00,0.048618571639531885,18066,0.0,0.8891302590182687,0.901647026083794,0.6431813566430765,0.513292254938185,0.0,0.32159067832153826,0.4755783548029937,0.15398767648145545,ELEVATED
PORT_C,2024-01-04 06:00:00,0.05295914464396972,14089,0.0,1.1550506012832873,0.901647026083794,0.700603356908766,0.513292254938185,0.0,0.350301678454383,0.5042893549358385,0.1539876764814555,CRITICAL
PORT_B,2024-01-03 22:00:00,0.024822643430350986,27831,0.0,-0.5687006235471402,1.4241868254861156,0.3283819523817302,0.9999990685746537,0.0,0.1641909761908651,0.4641906967632612,0.2999997205723961,ELEVATED
PORT_C,2024-01-02 16:00:00,0.04624239881951143,18684,0.0,0.7435566932852092,0.901647026083794,0.611746659850041,0.513292254938185,0.0,0.3058733299250205,0.459861006406476,0.1539876764814555,ELEVATED
PORT_C,2024-01-05 19:00:00,0.062420393123120206,20035,0.0,1.7346833896865168,0.901647026083794,0.8257674336627051,0.513292254938185,0.0,0.41288371683135255,0.566871393312808,0.15398767648145545,CRITICAL
PORT_B,2024-01-04 11:00:00,0.04167717700308344,25876,0.0,0.46387349323326377,1.4241868254861156,0.5513527514679354,0.9999990685746537,0.0,0.2756763757339677,0.5756760963063638,0.29999972057239616,CRITICAL
PORT_B,2024-01-01 09:00:00,0.028430148100907087,21956,0.0,-0.34769089148270377,1.4241868254861156,0.3761060970832147,0.9999990685746537,0.0,0.18805304854160734,0.4880527691140034,0.2999997205723961,CRITICAL
PORT_C,2024-01-04 14:00:00,0.059013948941735436,16654,0.0,1.5259914032380966,0.901647026083794,0.7807031441118683,0.513292254938185,0.0,0.3903515720559341,0.5443392485373896,0.15398767648145545,CRITICAL
PORT_C,2024-01-03 08:00:00,0.04492805671080039,16591,0.0,0.6630349964851732,0.901647026083794,0.5943590585267944,0.513292254938185,0.0,0.2971795292633972,0.4511672057448527,0.1539876764814555,STABLE
PORT_B,2024-01-02 10:00:00,0.03553478588720886,25209,0.0,0.08756678299270551,1.4241868254861156,0.4700942669482403,0.9999990685746537,0.0,0.23504713347412015,0.5350468540465163,0.29999972057239616,CRITICAL
PORT_B,2024-01-05 09:00:00,0.030248135579017964,23868,0.0,-0.23631392537281687,1.4241868254861156,0.4001564879750097,0.9999990685746537,0.0,0.20007824398750484,0.500077964559901,0.2999997205723961,CRITICAL
PORT_B,2024-01-02 09:00:00,0.030350823171983447,24360,0.0,-0.2300228850332503,1.4241868254861156,0.40151495539037585,0.9999990685746537,0.0,0.20075747769518792,0.500757198267584,0.2999997205723961,CRITICAL
PORT_B,2024-01-03 08:00:00,0.027412583877626875,23632,0.0,-0.4100308236194649,1.4241868254861156,0.3626446086945128,0.9999990685746537,0.0,0.1813223043472564,0.4813220249196525,0.2999997205723961,ELEVATED
PORT_B,2024-01-05 19:00:00,0.028793300228678126,26921,0.0,-0.3254427832231696,1.4241868254861156,0.38091028343281275,0.9999990685746537,0.0,0.19045514171640637,0.4904548622888025,0.2999997205723961,CRITICAL
PORT_C,2024-01-04 15:00:00,0.05404905651443056,18779,0.0,1.2218228309717016,0.901647026083794,0.7150219416558012,0.513292254938185,0.0,0.3575109708279006,0.5114986473093561,0.1539876764814555,CRITICAL
PORT_C,2024-01-04 18:00:00,0.052175017397355715,19165,0.0,1.1070119239967322,0.901647026083794,0.6902300364007666,0.513292254938185,0.0,0.3451150182003833,0.49910269468183877,0.15398767648145545,CRITICAL
PORT_B,2024-01-03 14:00:00,0.02846804750069043,30182,0.0,-0.3453690272146172,1.4241868254861156,0.37660747313246057,0.9999990685746537,0.0,0.18830373656623028,0.4883034571386264,0.2999997205723961,CRITICAL
PORT_B,2024-01-04 05:00:00,0.033184562097971354,20211,0.0,-0.05641704444078093,1.4241868254861156,0.4390028532311925,0.9999990685746537,0.0,0.21950142661559624,0.5195011471879923,0.2999997205723961,CRITICAL
PORT_B,2024-01-04 20:00:00,0.025867427127537437,27574,0.0,-0.5046931208361668,1.4241868254861156,0.34220353070240134,0.9999990685746537,0.0,0.17110176535120067,0.4711014859235968,0.2999997205723961,ELEVATED
PORT_B,2024-01-05 05:00:00,0.028789130179426255,22702,0.0,-0.3256982566187756,1.4241868254861156,0.38085511731326954,0.9999990685746537,0.0,0.19042755865663477,0.49042727922903084,0.2999997205723961,CRITICAL
PORT_C,2024-01-03 10:00:00,0.04749237884999474,16913,0.0,0.8201353194690606,0.901647026083794,0.6282828069368737,0.513292254938185,0.0,0.31414140346843683,0.4681290799498923,0.15398767648145545,ELEVATED
PORT_B,2024-01-04 23:00:00,0.029846092361589492,26134,0.0,-0.26094465266955896,1.4241868254861156,0.39483780638288046,0.9999990685746537,0.0,0.19741890319144023,0.49741862376383633,0.2999997205723961,CRITICAL
PORT_C,2024-01-02 04:00:00,0.04337802229284512,16679,0.0,0.5680738744112434,0.901647026083794,0.5738534532372036,0.513292254938185,0.0,0.2869267266186018,0.44091440310005725,0.15398767648145545,STABLE
PORT_C,2024-01-05 02:00:00,0.04978316904863949,17890,0.0,0.9604780145598111,0.901647026083794,0.6585879660162691,0.513292254938185,0.0,0.32929398300813456,0.48328165948959,0.15398767648145545,ELEVATED
PORT_B,2024-01-05 04:00:00,0.028843127774603395,22752,0.0,-0.32239015444509667,1.4241868254861156,0.3815694584662552,0.9999990685746537,0.0,0.1907847292331276,0.4907844498055237,0.2999997205723961,CRITICAL
PORT_B,2024-01-01 06:00:00,0.026955869474711857,23228,0.0,-0.4380109198455517,1.4241868254861156,0.35660267493629305,0.9999990685746537,0.0,0.17830133746814653,0.4783010580405426,0.2999997205723961,ELEVATED
PORT_C,2024-01-01 06:00:00,0.04570409314073085,16461,0.0,0.7105779989519542,0.901647026083794,0.6046253445770673,0.513292254938185,0.0,0.30231267228853365,0.45630034876998915,0.1539876764814555,ELEVATED
PORT_B,2024-01-02 06:00:00,0.03126063579767287,23170,0.0,-0.17428423380609506,1.4241868254861156,0.4135509839932012,0.9999990685746537,0.0,0.2067754919966006,0.5067752125689967,0.2999997205723961,CRITICAL
PORT_C,2024-01-01 04:00:00,0.04182473811704043,17116,0.0,0.47291365956345394,0.901647026083794,0.5533048564817621,0.513292254938185,0.0,0.27665242824088104,0.4306401047223365,0.15398767648145545,STABLE
PORT_C,2024-01-02 10:00:00,0.04464115051221433,17627,0.0,0.6454580096569463,0.901647026083794,0.590563539411094,0.513292254938185,0.0,0.295281769705547,0.4492694461870025,0.1539876764814555,STABLE
PORT_C,2024-01-05 03:00:00,0.04620784862779003,17738,0.0,0.7414400144968367,0.901647026083794,0.6112895909063376,0.513292254938185,0.0,0.3056447954531688,0.4596324719346243,0.1539876764814555,ELEVATED
PORT_B,2024-01-02 15:00:00,0.030335971066514412,28609,0.0,-0.2309327826356277,1.4241868254861156,0.40131847497101253,0.9999990685746537,0.0,0.20065923748550626,0.5006589580579024,0.2999997205723961,CRITICAL
PORT_B,2024-01-04 07:00:00,0.03858921313814679,17442,0.0,0.2746928465706201,1.4241868254861156,0.5105016791114652,0.9999990685746537,0.0,0.2552508395557326,0.5552505601281287,0.2999997205723961,CRITICAL
PORT_C,2024-01-01 12:00:00,0.04502021009287763,16894,0.0,0.6686806701964096,0.901647026083794,0.5955781675072707,0.513292254938185,0.0,0.29778908375363533,0.45177676023509084,0.1539876764814555,STABLE
PORT_C,2024-01-03 12:00:00,0.05370835815350722,17349,0.0,1.2009503275825784,0.901647026083794,0.7105147990846573,0.513292254938185,0.0,0.35525739954232866,0.5092450760237841,0.15398767648145545,CRITICAL
PORT_B,2024-01-02 07:00:00,0.027187780240408573,23920,0.0,-0.4238031666005396,1.4241868254861156,0.35967065237517915,0.9999990685746537,0.0,0.17983532618758957,0.4798350467599857,0.2999997205723961,ELEVATED
PORT_C,2024-01-02 00:00:00,0.04290028451224312,18361,0.0,0.5388058045041765,0.901647026083794,0.5675333985032754,0.513292254938185,0.0,0.2837666992516377,0.43775437573309317,0.15398767648145545,STABLE
PORT_B,2024-01-05 14:00:00,0.03368564087647866,28651,0.0,-0.025719014446545525,1.4241868254861156,0.4456316890377002,0.9999990685746537,0.0,0.2228158445188501,0.5228155650912462,0.2999997205723961,CRITICAL
PORT_B,2024-01-05 01:00:00,0.026259731920699952,24919,0.0,-0.4806590071918798,1.4241868254861156,0.3473933814235337,0.9999990685746537,0.0,0.17369669071176685,0.47369641128416295,0.2999997205723961,ELEVATED
PORT_C,2024-01-03 09:00:00,0.04421722842752926,16921,0.0,0.6194868980691678,0.901647026083794,0.5849554194613708,0.513292254938185,0.0,0.2924777097306854,0.4464653862121408,0.15398767648145545,STABLE
PORT_C,2024-01-01 02:00:00,0.04062592467213322,17731,0.0,0.39946969692172424,0.901647026083794,0.5374455987566661,0.513292254938185,0.0,0.26872279937833304,0.4227104758597885,0.15398767648145545,STABLE
PORT_C,2024-01-02 19:00:00,0.04913840273763015,19036,0.0,0.9209771288635541,0.901647026083794,0.6500582693047444,0.513292254938185,0.0,0.3250291346523722,0.47901681113382766,0.15398767648145545,ELEVATED
PORT_C,2024-01-03 20:00:00,0.05645308635121552,18019,0.0,1.36910302562793,0.901647026083794,0.7468251625175294,0.513292254938185,0.0,0.3734125812587647,0.5274002577402201,0.15398767648145545,CRITICAL
PORT_B,2024-01-01 15:00:00,0.029909329563812658,24772,0.0,-0.2570704963215667,1.4241868254861156,0.3956743794895066,0.9999990685746537,0.0,0.1978371897447533,0.4978369103171494,0.2999997205723961,CRITICAL
PORT_C,2024-01-01 21:00:00,0.04274072238452978,19179,0.0,0.5290304095112378,0.901647026083794,0.5654225305301802,0.513292254938185,0.0,0.2827112652650901,0.43669894174654555,0.15398767648145545,STABLE
PORT_C,2024-01-04 23:00:00,0.047516691634762985,18026,0.0,0.8216248149896697,0.901647026083794,0.628604443903236,0.513292254938185,0.0,0.314302221951618,0.46828989843307345,0.15398767648145545,ELEVATED
PORT_B,2024-01-03 02:00:00,0.030058551522692607,25185,0.0,-0.24792858018785757,1.4241868254861156,0.3976484560350895,0.9999990685746537,0.0,0.19882422801754476,0.49882394858994084,0.2999997205723961,CRITICAL
PORT_B,2024-01-01 01:00:00,0.024271827959712666,26340,0.0,-0.602445716263529,1.4241868254861156,0.3210951434583457,0.9999990685746537,0.0,0.16054757172917286,0.460547292301569,0.2999997205723961,ELEVATED
PORT_C,2024-01-04 20:00:00,0.04558580470869961,18469,0.0,0.7033311906850316,0.901647026083794,0.6030604916489904,0.513292254938185,0.0,0.3015302458244952,0.4555179223059507,0.15398767648145545,STABLE
PORT_B,2024-01-03 13:00:00,0.04003006015810401,29419,0.0,0.36296472503155597,1.4241868254861156,0.5295628302263551,0.9999990685746537,0.0,0.26478141511317754,0.5647811356855736,0.2999997205723961,CRITICAL
PORT_B,2024-01-02 03:00:00,0.0267992887591512,23988,0.0,-0.4476036619631062,1.4241868254861156,0.35453124844920647,0.9999990685746537,0.0,0.17726562422460324,0.47726534479699934,0.2999997205723961,ELEVATED
PORT_B,2024-01-02 02:00:00,0.030060419152813666,24025,0.0,-0.24781416192084338,1.4241868254861156,0.3976731631549094,0.9999990685746537,0.0,0.1988365815774547,0.4988363021498508,0.2999997205723961,CRITICAL
PORT_B,2024-01-02 04:00:00,0.026642051994625424,24231,0.0,-0.457236596185521,1.4241868254861156,0.3524511430057214,0.9999990685746537,0.0,0.1762255715028607,0.47622529207525677,0.2999997205723961,ELEVATED
PORT_C,2024-01-02 09:00:00,0.04561550953733898,17482,0.0,0.7051510237325646,0.901647026083794,0.6034534606593672,0.513292254938185,0.0,0.3017267303296836,0.45571440681113906,0.15398767648145545,STABLE
PORT_B,2024-01-04 15:00:00,0.03216136141922902,27683,0.0,-0.1191022877067678,1.4241868254861156,0.4254667994460067,0.9999990685746537,0.0,0.21273339972300334,0.5127331202953994,0.2999997205723961,CRITICAL
PORT_B,2024-01-01 02:00:00,0.023984242782218262,26528,0.0,-0.6200642999738987,1.4241868254861156,0.3172906420430698,0.9999990685746537,0.0,0.1586453210215349,0.458645041593931,0.2999997205723961,ELEVATED
PORT_B,2024-01-03 21:00:00,0.023725800548235417,28540,0.0,-0.6358974738995967,1.4241868254861156,0.3138716763873245,0.9999990685746537,0.0,0.15693583819366225,0.45693555876605835,0.2999997205723961,ELEVATED
PORT_C,2024-01-01 10:00:00,0.04357134395545818,16887,0.0,0.5799175094881672,0.901647026083794,0.5764109304529033,0.513292254938185,0.0,0.28820546522645163,0.44219314170790713,0.1539876764814555,STABLE
PORT_B,2024-01-04 04:00:00,0.02733272373257639,24424,0.0,-0.4149233659366765,1.4241868254861156,0.3615881285326498,0.9999990685746537,0.0,0.1807940642663249,0.48079378483872104,0.2999997205723961,ELEVATED
PORT_C,2024-01-05 09:00:00,0.05175969995152394,17651,0.0,1.08156796596831,0.901647026083794,0.6847357483285432,0.513292254938185,0.0,0.3423678741642716,0.4963555506457271,0.1539876764814555,CRITICAL
PORT_B,2024-01-02 21:00:00,0.025171619339802182,28036,0.0,-0.5473210054210014,1.4241868254861156,0.33299859971025986,0.9999990685746537,0.0,0.16649929985512993,0.466499020427526,0.2999997205723961,ELEVATED
PORT_C,2024-01-05 14:00:00,0.049072511703043414,18849,0.0,0.9169403884489622,0.901647026083794,0.649186588307402,0.513292254938185,0.0,0.324593294153701,0.4785809706351565,0.1539876764814555,ELEVATED
PORT_C,2024-01-03 01:00:00,0.045027797126125424,17231,0.0,0.6691454812883939,0.901647026083794,0.5956785373489311,0.513292254938185,0.0,0.29783926867446553,0.45182694515592103,0.1539876764814555,STABLE
PORT_B,2024-01-05 23:00:00,0.032397087244018186,25642,0.0,-0.10466080914056233,1.4241868254861156,0.4285852467938187,0.9999990685746537,0.0,0.21429262339690935,0.5142923439693055,0.2999997205723961,CRITICAL
PORT_C,2024-01-02 23:00:00,0.04936927423865458,17285,0.0,0.9351212127227326,0.901647026083794,0.6531124981772022,0.513292254938185,0.0,0.3265562490886011,0.48054392557005654,0.15398767648145545,ELEVATED
PORT_B,2024-01-02 22:00:00,0.02577534612204133,27146,0.0,-0.5103343604772458,1.4241868254861156,0.3409853792010543,0.9999990685746537,0.0,0.17049268960052716,0.47049241017292326,0.2999997205723961,ELEVATED
PORT_B,2024-01-03 07:00:00,0.030899656935104734,24388,0.0,-0.19639919940773623,1.4241868254861156,0.4087755480493516,0.9999990685746537,0.0,0.2043877740246758,0.5043874945970719,0.2999997205723961,CRITICAL
PORT_C,2024-01-01 13:00:00,0.04430740155226368,17081,0.0,0.6250112535328284,0.901647026083794,0.5861483313619802,0.513292254938185,0.0,0.2930741656809901,0.4470618421624456,0.1539876764814555,STABLE
PORT_C,2024-01-03 05:00:00,0.04575543511357409,16421,0.0,0.7137234073985065,0.901647026083794,0.6053045541595882,0.513292254938185,0.0,0.3026522770797941,0.45663995356124953,0.15398767648145545,ELEVATED
PORT_B,2024-01-05 15:00:00,0.03734533114276173,27595,0.0,0.1984878096752829,1.4241868254861156,0.4940462037176725,0.9999990685746537,0.0,0.24702310185883625,0.5470228224312323,0.2999997205723961,CRITICAL
PORT_C,2024-01-02 01:00:00,0.04435683346631712,17548,0.0,0.6280396443675099,0.901647026083794,0.5868022725303486,0.513292254938185,0.0,0.2934011362651743,0.4473888127466298,0.1539876764814555,STABLE
PORT_C,2024-01-02 21:00:00,0.043408474477620626,19097,0.0,0.5699394933951751,0.901647026083794,0.5742563091183239,0.513292254938185,0.0,0.28712815455916196,0.44111583104061747,0.1539876764814555,STABLE
PORT_C,2024-01-02 02:00:00,0.043493543509344666,17563,0.0,0.5751511523187969,0.901647026083794,0.575381698314005,0.513292254938185,0.0,0.2876908491570025,0.441678525638458,0.1539876764814555,STABLE
PORT_B,2024-01-04 02:00:00,0.02598533515236613,25166,0.0,-0.49746961779032906,1.4241868254861156,0.34376335117451823,0.9999990685746537,0.0,0.17188167558725911,0.4718813961596552,0.2999997205723961,ELEVATED
PORT_B,2024-01-04 16:00:00,0.02656848616399202,28103,0.0,-0.4617435243816472,1.4241868254861156,0.35147793114132975,0.9999990685746537,0.0,0.17573896557066487,0.475738686143061,0.2999997205723961,ELEVATED
PORT_C,2024-01-03 06:00:00,0.04761889469031438,16088,0.0,0.8278861706874013,0.901647026083794,0.6299565013106397,0.513292254938185,0.0,0.31497825065531987,0.4689659271367753,0.15398767648145545,ELEVATED
PORT_B,2024-01-02 16:00:00,0.02968539543739647,28368,0.0,-0.2707895696974846,1.4241868254861156,0.39271192604075217,0.9999990685746537,0.0,0.19635596302037608,0.49635568359277216,0.2999997205723961,CRITICAL
PORT_B,2024-01-04 22:00:00,0.028681775504657493,26982,0.0,-0.3322752204963723,1.4241868254861156,0.3794349084706139,0.9999990685746537,0.0,0.18971745423530695,0.48971717480770305,0.2999997205723961,CRITICAL
PORT_C,2024-01-05 12:00:00,0.06577173056120865,18182,0.0,1.9399993232443422,0.901647026083794,0.8701027089969933,0.513292254938185,0.0,0.43505135449849663,0.5890390309799521,0.1539876764814555,CRITICAL
PORT_B,2024-01-01 20:00:00,0.024556669515342505,26137,0.0,-0.5849952174729445,1.4241868254861156,0.32486334914601256,0.9999990685746537,0.0,0.16243167457300628,0.4624313951454024,0.2999997205723961,ELEVATED
PORT_C,2024-01-02 05:00:00,0.04556183930616922,16975,0.0,0.7018629771480439,0.901647026083794,0.6027434502470695,0.513292254938185,0.0,0.3013717251235348,0.4553594016049902,0.15398767648145545,STABLE
PORT_C,2024-01-05 11:00:00,0.04568591049382713,18001,0.0,0.709464059459869,0.901647026083794,0.6043848039953816,0.513292254938185,0.0,0.3021924019976908,0.4561800784791463,0.1539876764814555,ELEVATED
PORT_C,2024-01-01 03:00:00,0.04149852134706236,17550,0.0,0.4529283546195062,0.901647026083794,0.5489892927455454,0.513292254938185,0.0,0.2744946463727727,0.42848232285422816,0.15398767648145545,STABLE
PORT_B,2024-01-03 16:00:00,0.030278640235650064,29318,0.0,-0.23444509175937658,1.4241868254861156,0.4005600380130904,0.9999990685746537,0.0,0.2002800190065452,0.5002797395789413,0.2999997205723961,CRITICAL
PORT_B,2024-01-01 22:00:00,0.02565159722758355,25908,0.0,-0.5179156978572381,1.4241868254861156,0.33934828911106657,0.9999990685746537,0.0,0.16967414455553329,0.4696738651279294,0.2999997205723961,ELEVATED
PORT_C,2024-01-04 19:00:00,0.04658811415636994,19051,0.0,0.7647365560843578,0.901647026083794,0.616320172643086,0.513292254938185,0.0,0.308160086321543,0.4621477628029985,0.1539876764814555,ELEVATED
PORT_B,2024-01-04 18:00:00,0.025480338865089984,27785,0.0,-0.5284076495704046,1.4241868254861156,0.3370826901390984,0.9999990685746537,0.0,0.1685413450695492,0.4685410656419453,0.2999997205723961,ELEVATED
PORT_B,2024-01-05 22:00:00,0.02945897243807889,26254,0.0,-0.28466112108336,1.4241868254861156,0.38971654697128844,0.9999990685746537,0.0,0.19485827348564422,0.4948579940580403,0.2999997205723961,CRITICAL
PORT_C,2024-01-04 01:00:00,0.05253541160433831,16875,0.0,1.1290910713289297,0.901647026083794,0.6949977378604469,0.513292254938185,0.0,0.34749886893022347,0.5014865454116789,0.15398767648145545,CRITICAL
PORT_C,2024-01-05 07:00:00,0.04619899429293775,17931,0.0,0.7408975635918433,0.901647026083794,0.6111724557682533,0.513292254938185,0.0,0.30558622788412665,0.4595739043655821,0.15398767648145545,ELEVATED
PORT_B,2024-01-05 06:00:00,0.028601446632628313,22850,0.0,-0.33719647884680726,1.4241868254861156,0.3783722274590779,0.9999990685746537,0.0,0.18918611372953895,0.4891858343019351,0.2999997205723961,CRITICAL
PORT_C,2024-01-03 02:00:00,0.04701561408759851,16705,0.0,0.7909268604322734,0.901647026083794,0.6219756243863216,0.513292254938185,0.0,0.3109878121931608,0.46497548867461624,0.15398767648145545,ELEVATED
PORT_C,2024-01-04 22:00:00,0.049321238838024285,17702,0.0,0.9321783777183713,0.901647026083794,0.6524770316650769,0.513292254938185,0.0,0.32623851583253843,0.4802261923139939,0.15398767648145545,ELEVATED
PORT_C,2024-01-01 15:00:00,0.04537702871410739,17362,0.0,0.6905407632732775,0.901647026083794,0.6002985670817301,0.513292254938185,0.0,0.30014928354086506,0.4541369600223205,0.15398767648145545,STABLE
PORT_C,2024-01-02 03:00:00,0.044523724917726305,17354,0.0,0.6382640621654507,0.901647026083794,0.5890101010721935,0.513292254938185,0.0,0.29450505053609677,0.4484927270175523,0.1539876764814555,STABLE
PORT_B,2024-01-04 09:00:00,0.029223861581456546,24332,0.0,-0.2990649243137891,1.4241868254861156,0.38660623511669423,0.9999990685746537,0.0,0.19330311755834712,0.4933028381307432,0.2999997205723961,CRITICAL
PORT_B,2024-01-05 13:00:00,0.04794697180809075,28710,0.0,0.8479854477550183,1.4241868254861156,0.6342966758278891,0.9999990685746537,0.0,0.31714833791394453,0.6171480584863407,0.29999972057239616,CRITICAL
PORT_B,2024-01-01 00:00:00,0.022317347839119265,26963,0.0,-0.7221847511990066,1.4241868254861156,0.2952390737898356,0.9999990685746537,0.0,0.1476195368949178,0.4476192574673139,0.2999997205723961,STABLE
PORT_C,2024-01-02 14:00:00,0.04236274200629481,17981,0.0,0.5058738650994885,0.901647026083794,0.5604221793421589,0.513292254938185,0.0,0.28021108967107944,0.43419876615253494,0.1539876764814555,STABLE
PORT_B,2024-01-01 21:00:00,0.0254659352479295,25831,0.0,-0.5292900710390114,1.4241868254861156,0.3368921428294297,0.9999990685746537,0.0,0.16844607141471485,0.46844579198711095,0.2999997205723961,ELEVATED
PORT_C,2024-01-04 05:00:00,0.05013097685522915,15080,0.0,0.9817860701727927,0.901647026083794,0.663189160361343,0.513292254938185,0.0,0.3315945801806715,0.48558225666212695,0.15398767648145545,CRITICAL
PORT_C,2024-01-05 16:00:00,0.04700848575848575,19537,0.0,0.7904901513352246,0.901647026083794,0.6218813228008423,0.513292254938185,0.0,0.31094066140042115,0.4649283378818766,0.15398767648145545,ELEVATED
PORT_C,2024-01-05 21:00:00,0.0755907500098311,19788,0.0,2.5415505492725585,0.901647026083794,0.9999997840631529,0.513292254938185,0.0,0.49999989203157647,0.653987568513032,0.1539876764814555,CRITICAL
PORT_B,2024-01-01 23:00:00,0.024405237650791212,25360,0.0,-0.5942725210017962,1.4241868254861156,0.3228600374731971,0.9999990685746537,0.0,0.16143001873659854,0.46142973930899467,0.2999997205723961,ELEVATED
PORT_C,2024-01-03 13:00:00,0.048979861846136716,17956,0.0,0.9112642987635118,0.901647026083794,0.647960911397355,0.513292254938185,0.0,0.3239804556986775,0.477968132180133,0.1539876764814555,ELEVATED
PORT_B,2024-01-03 00:00:00,0.02537031455387274,26542,0.0,-0.5351481657341575,1.4241868254861156,0.3356271643314483,0.9999990685746537,0.0,0.16781358216572415,0.4678133027381203,0.2999997205723961,ELEVATED
PORT_B,2024-01-05 20:00:00,0.03818695788838777,26159,0.0,0.25004912935069196,1.4241868254861156,0.5051801925162802,0.9999990685746537,0.0,0.2525900962581401,0.5525898168305362,0.2999997205723961,CRITICAL
PORT_C,2024-01-03 23:00:00,0.04794670277514098,17916,0.0,0.8479689657527547,0.901647026083794,0.6342931167562879,0.513292254938185,0.0,0.31714655837814393,0.4711342348595994,0.15398767648145545,ELEVATED
PORT_B,2024-01-02 18:00:00,0.02905309773543757,27718,0.0,-0.30952658002915906,1.4241868254861156,0.3843471781669674,0.9999990685746537,0.0,0.1921735890834837,0.4921733096558798,0.2999997205723961,CRITICAL
PORT_C,2024-01-05 22:00:00,0.054205200581644054,19491,0.0,1.2313888223174554,0.901647026083794,0.7170875916655701,0.513292254938185,0.0,0.35854379583278506,0.5125314723142406,0.1539876764814555,CRITICAL
PORT_B,2024-01-05 21:00:00,0.02411812166842972,26789,0.0,-0.6118623599979988,1.4241868254861156,0.3190617431008667,0.9999990685746537,0.0,0.15953087155043336,0.45953059212282943,0.2999997205723961,ELEVATED
PORT_C,2024-01-05 23:00:00,0.04882288072233725,19324,0.0,0.9016470260837939,0.901647026083794,0.6458841878580194,0.513292254938185,0.0,0.3229420939290097,0.47692977041046514,0.15398767648145545,ELEVATED
PORT_C,2024-01-04 03:00:00,0.04514587304394534,16963,0.0,0.6763792701102446,0.901647026083794,0.5972405788990893,0.513292254938185,0.0,0.29862028944954466,0.45260796593100017,0.1539876764814555,STABLE
PORT_A,2024-01-02 10:00:00,,1,0.0,,0.350564476147478,,0.0,0.0,,,,STABLE
PORT_A,2024-01-01 08:00:00,0.0,2,0.0,-2.089432063882943,0.350564476147478,0.0,0.0,0.0,0.0,0.0,0.0,STABLE
PORT_A,2024-01-05 12:00:00,0.0,1,0.0,-2.089432063882943,0.350564476147478,0.0,0.0,0.0,0.0,0.0,0.0,STABLE
PORT_A,2024-01-02 03:00:00,0.0,6,0.0,-2.089432063882943,0.350564476147478,0.0,0.0,0.0,0.0,0.0,0.0,STABLE
PORT_A,2024-01-01 01:00:00,0.0,2,0.0,-2.089432063882943,0.350564476147478,0.0,0.0,0.0,0.0,0.0,0.0,STABLE
PORT_A,2024-01-05 19:00:00,0.0,2,0.0,-2.089432063882943,0.350564476147478,0.0,0.0,0.0,0.0,0.0,0.0,STABLE
PORT_A,2024-01-01 21:00:00,0.0,4,0.0,-2.089432063882943,0.350564476147478,0.0,0.0,0.0,0.0,0.0,0.0,STABLE
PORT_A,2024-01-01 19:00:00,0.0,5,0.0,-2.089432063882943,0.350564476147478,0.0,0.0,0.0,0.0,0.0,0.0,STABLE
PORT_A,2024-01-05 20:00:00,0.0,2,0.0,-2.089432063882943,0.350564476147478,0.0,0.0,0.0,0.0,0.0,0.0,STABLE
PORT_A,2024-01-01 22:00:00,0.0,2,0.0,-2.089432063882943,0.350564476147478,0.0,0.0,0.0,0.0,0.0,0.0,STABLE
PORT_A,2024-01-01 03:00:00,0.0,3,0.0,-2.089432063882943,0.350564476147478,0.0,0.0,0.0,0.0,0.0,0.0,STABLE
PORT_A,2024-01-03 21:00:00,0.0,4,0.0,-2.089432063882943,0.350564476147478,0.0,0.0,0.0,0.0,0.0,0.0,STABLE
PORT_A,2024-01-03 23:00:00,0.0,6,0.0,-2.089432063882943,0.350564476147478,0.0,0.0,0.0,0.0,0.0,0.0,STABLE
PORT_A,2024-01-01 02:00:00,0.0,2,0.0,-2.089432063882943,0.350564476147478,0.0,0.0,0.0,0.0,0.0,0.0,STABLE
PORT_A,2024-01-05 17:00:00,0.0,4,0.0,-2.089432063882943,0.350564476147478,0.0,0.0,0.0,0.0,0.0,0.0,STABLE
PORT_A,2024-01-02 01:00:00,0.0,1,0.0,-2.089432063882943,0.350564476147478,0.0,0.0,0.0,0.0,0.0,0.0,STABLE
PORT_A,2024-01-03 19:00:00,0.0,5,0.0,-2.089432063882943,0.350564476147478,0.0,0.0,0.0,0.0,0.0,0.0,STABLE
PORT_A,2024-01-04 01:00:00,0.0,3,0.0,-2.089432063882943,0.350564476147478,0.0,0.0,0.0,0.0,0.0,0.0,STABLE
PORT_A,2024-01-04 20:00:00,0.0,1,0.0,-2.089432063882943,0.350564476147478,0.0,0.0,0.0,0.0,0.0,0.0,STABLE
PORT_A,2024-01-05 01:00:00,0.0,3,0.0,-2.089432063882943,0.350564476147478,0.0,0.0,0.0,0.0,0.0,0.0,STABLE
PORT_A,2024-01-04 03:00:00,0.0,5,0.0,-2.089432063882943,0.350564476147478,0.0,0.0,0.0,0.0,0.0,0.0,STABLE
PORT_A,2024-01-04 19:00:00,0.0,2,0.0,-2.089432063882943,0.350564476147478,0.0,0.0,0.0,0.0,0.0,0.0,STABLE
PORT_A,2024-01-04 23:00:00,0.0,1,0.0,-2.089432063882943,0.350564476147478,0.0,0.0,0.0,0.0,0.0,0.0,STABLE
PORT_A,2024-01-02 21:00:00,0.0,1,0.0,-2.089432063882943,0.350564476147478,0.0,0.0,0.0,0.0,0.0,0.0,STABLE
PORT_A,2024-01-01 00:00:00,0.0,1,0.0,-2.089432063882943,0.350564476147478,0.0,0.0,0.0,0.0,0.0,0.0,STABLE
PORT_A,2024-01-04 17:00:00,0.0,3,0.0,-2.089432063882943,0.350564476147478,0.0,0.0,0.0,0.0,0.0,0.0,STABLE
PORT_A,2024-01-02 23:00:00,0.0,2,0.0,-2.089432063882943,0.350564476147478,0.0,0.0,0.0,0.0,0.0,0.0,STABLE
PORT_A,2024-01-04 16:00:00,0.0,1,0.0,-2.089432063882943,0.350564476147478,0.0,0.0,0.0,0.0,0.0,0.0,STABLE
PORT_A,2024-01-03 20:00:00,0.0,1,0.0,-2.089432063882943,0.350564476147478,0.0,0.0,0.0,0.0,0.0,0.0,STABLE
PORT_A,2024-01-03 22:00:00,0.0,1,0.0,-2.089432063882943,0.350564476147478,0.0,0.0,0.0,0.0,0.0,0.0,STABLE
PORT_A,2024-01-04 06:00:00,0.0,2,0.0,-2.089432063882943,0.350564476147478,0.0,0.0,0.0,0.0,0.0,0.0,STABLE
PORT_A,2024-01-04 11:00:00,0.0,1,0.0,-2.089432063882943,0.350564476147478,0.0,0.0,0.0,0.0,0.0,0.0,STABLE
PORT_A,2024-01-04 14:00:00,0.0,1,0.0,-2.089432063882943,0.350564476147478,0.0,0.0,0.0,0.0,0.0,0.0,STABLE
PORT_A,2024-01-04 10:00:00,0.0,2,0.0,-2.089432063882943,0.350564476147478,0.0,0.0,0.0,0.0,0.0,0.0,STABLE
PORT_A,2024-01-05 16:00:00,0.0,1,0.0,-2.089432063882943,0.350564476147478,0.0,0.0,0.0,0.0,0.0,0.0,STABLE
